<?xml version="1.0" encoding="UTF-8" standalone="yes"?>
<addon id="repository.zivcho" name="Zivcho Repo" version="1.0.0" provider-name="Zivcho">
	<extension point="xbmc.addon.repository" name="Name you want to appear in Kodi">

		<dir>
			<info compressed="false">https://github.com/ZivchoKodi/Zivcho/blob/main/addons.xml</info>
            <checksum>https://github.com/ZivchoKodi/Zivcho/blob/main/addons.xml.md5</checksum>
            <datadir zip="true">https://github.com/ZivchoKodi/Zivcho/blob/main/</datadir>
		</dir>
	</extension>
	<extension point="xbmc.addon.metadata">
		<summary lang="en"></summary>
		<description lang="en"></description>
		<genre></genre>
	</extension>
</addon>
